Nature,Occ_Sol
Moulin et maison,Bâti
Grange pré,Bâti
Grenier et place,Bâti
Maison  et grange,Bâti
Maison cour,Bâti
Maison et masure,Bâti
Maison et moulin,Bâti
Maison et pâturage,Bâti
Maison et pré,Bâti
Maison et tanerie,Bâti
Grange et placéage,Bâti
Maison place,Bâti
Pressoir,Bâti
Place et fontaine,Bâti
Place et jardin,Bâti
Place et pierres,Bâti
Scie foulon pressoir battoir,Bâti
Serre pour le lait,Bâti
Tanerie et maison,Bâti
Tour,Bâti
Vieux château,Bâti
Vieux château en masure,Bâti
Maison jardin et place,Bâti
Grange et broussailles,Bâti
Boutique,Bâti
Fontaine et place,Bâti
Cimetière de la grande ville,Bâti
Cour et arbres,Bâti
Ecurie et grange,Bâti
Ecurie ou grange,Bâti
Fontaine,Bâti
Four et cour,Bâti
Etable,Bâti
Maison grange,Bâti
Martinet,Bâti
Place et grange,Bâti
Cimetière,Bâti
Battoir,Bâti
Place de four,Bâti
Maison et placéage,Bâti
Grenier et cour,Bâti
Glacière,Bâti
Scie,Bâti
Place et four,Bâti
Grange et cour,Bâti
Grange et pâturage,Bâti
Maison et place,Bâti
Four et place,Bâti
Grange et maison,Bâti
Grange et place,Bâti
Maison et cour,Bâti
Grange et champ,Bâti
Ecurie soit grange,Bâti
Ecurie,Bâti
Moulin,Bâti
Grange et pré,Bâti
Maison et grange,Bâti
Four,Bâti
Masure,Bâti
Place,Bâti
Cour,Bâti
Grenier,Bâti
Maison,Bâti
Grange,Bâti
Chapelle de St Gras,Bâti
Eglise et cimetière,Bâti
Ste Marie Magdelaine et place,Bâti
Ste Marguerite,Bâti
St Roch et place,Bâti
St Isidore et St Bernard et cour,Bâti
Oratoire,Bâti
ND de Pitié et place,Bâti
Ste Trinité et placéage,Bâti
Eglise de St Jean Baptiste,Bâti
Chapelle St Antoine,Bâti
Chapelle et place,Bâti
Chapelle de St Guerin,Bâti
Chapelle de St Bon,Bâti
Chapelle de St Jacques,Bâti
Chapelle de St Donat,Bâti
Chapelle,Bâti
Placéage et rocher,Bâti
Placéage et arbres,Bâti
Placéage,Bâti
Bois taillis,Bois
Bois trembles,Bois
Bois et broussailles,Bois
Bois noir et fayard,Bois
Bois noir et rocher,Bois
Bois noir et chênes,Bois
Bois noir et broussailles,Bois
Bois mélé,Bois
Bois chênes et broussailles,Bois
Bois plane,Bois
Bois vernes,Bois
Bois blanc,Bois
Bois frênes,Bois
Bois chênes,Bois
Bois broussailles,Bois
Bois,Bois
Bois noir,Bois
Bois sapins,Bois
Bois taillis broussailles,Bois
Bos fayard,Bois
Bois fayards et broussailles,Bois
Bos chênes broussailles,Bois
Bois verney et roc,Bois
Bois noir chênes et broussailles,Bois
Bois verney et broussailles,Bois
Bois verney broussailles,Bois
Bois noir et chênes et broussailles,Bois
Bois taillis et broussailles,Bois
Bois sapins et ravines,Bois
Bois noir innaccessible,Bois
Bois noir ruppe,Bois
Bois blanc et murger,Bois
Bois noir sapin,Bois
Bois sapins et rocher,Bois
Bois de trembles,Bois
Bois sapins et feuillants,Bois
Bois noir et précipice,Bois
Sapins et précipice,Bois
Sapins et pierres,Bois
Bois blanc pâturage,Bois
Bois de chênes et sapins,Bois
Bois chênes broussailles,Bois
Sapins,Bois
Bois blanc sur roc,Bois
Bois chênes et glières,Bois
Sapins inaccessible,Bois
Bois chênes et roc,Bois
Bois chênes broussailles et glières,Bois
Bois blanc et teppes,Bois
Bois verney,Bois
Bois sapins et broussailles,Bois
Bois noir roc,Bois
Bois sapins et pâturage,Bois
Bois noir sapins,Bois
Bois sapins innaccessible,Bois
Bois sapins et chênes,Bois
Bois noir et rocher innaccessible,Bois
Bois blanc et pâturage,Bois
Bois vernay,Bois
Bois chênes et Bois noir,Bois
Bois noir et blanc,Bois
Bois noir broussailles,Bois
Bois verney et glières,Bois
Bois chênes et sapins,Bois
Bois chênes roc et broussailles,Bois
Bois fayard,Bois
Bois chênes sapins et broussailles,Bois
Sapins et broussailles,Bois
Bois noir et roc,Bois
Bois noir et feuillants,Bois
Bois noir précipice,Bois
Bois noir sur roc,Bois
Bois sapins broussailles,Bois
Bois blanc et broussailles,Bois
Verney et pâturage,Bois
Vernay,Bois
Verney,Bois
Broussailles et fayards,Broussailles
Chenevier soit pré,Broussailles
Broussailles innaccessibles,Broussailles
Broussailles glières,Broussailles
Broussailles pâturage glières,Broussailles
Broussailles et pierres,Broussailles
Broussailles et gravier,Broussailles
Broussailles et grange,Broussailles
Broussailles de vernes,Broussailles
Broussailles et Bois blans sur roc,Broussailles
Broussailles et arbres,Broussailles
Chênes roc et broussailles,Broussailles
Broussailles en précipices,Broussailles
Broussailles et Bois noir,Broussailles
Broussailles pâturage et Bois,Broussailles
Broussailles Bois noir,Broussailles
Broussailles murger,Broussailles
Genevrier,Broussailles
Broussailles roc,Broussailles
Broussailles et ravines,Broussailles
Broussailles et murger,Broussailles
Broussailles et glières,Broussailles
Broussailles et Bois sapins,Broussailles
Broussailles pâturage,Broussailles
Chênes et broussailles,Broussailles
Broussailles sapins,Broussailles
Broussailles Bois blanc,Broussailles
Broussailles et roc,Broussailles
Broussailles et sapins,Broussailles
Broussailles et rocher,Broussailles
Broussailles et Bois blanc,Broussailles
Broussailles sur roc,Broussailles
Broussailles et pâturage,Broussailles
Chenevier,Broussailles
Broussailles,Broussailles
Bruyère et pâturage,Bruyères
Bruyères et pâturage,Bruyères
Bruyère sur rocher,Bruyères
Bruyère pâturage,Bruyères
Bruyère pâturage sur roc et sapins,Bruyères
Bruyères et roc,Bruyères
Bruyères et sapins,Bruyères
Bruyères,Bruyères
Bruyère,Bruyères
Champ et broussailles,Champ
Champ et maison abandonnée,Champ
Champ murger,Champ
Champ et place,Champ
Champ place et grenier,Champ
Chambre et chenevier,Champ
Champ en teppes,Champ
Chambre,Champ
Champ et jardin,Champ
Champ broussailles,Champ
Champ et grange,Champ
Champ sur roc,Champ
Champ et murger,Champ
Champ teppes,Champ
Champ et rocher,Champ
Champ et teppes,Champ
Champ,Champ
Les archives,Erreur?
Fraye pour le bétaille,Fraye
Teppes broussailles,Friche
Teppes Bois broussailles,Friche
Teppes soit pré marais,Friche
Teppes et champ,Friche
Teppes et pré,Friche
Teppes et pâturage,Friche
Teppes et rocher,Friche
Teppes sur roc,Friche
Teppes pâturage,Friche
Teppes et glières,Friche
Teppes et Bois noir,Friche
Teppes soit champ,Friche
Teppes et broussailles,Friche
Teppes et arbres,Friche
Teppes et roc,Friche
Teppes soit pré,Friche
Teppes,Friche
Glacier et précipice,Glacier
Glacier,Glacier
Jardin et teppes,Jardin
Jardin et cour,Jardin
Verger et pré,Jardin
Jardin et chenevier,Jardin
Jardin et placéage,Jardin
Jardin et champ,Jardin
Jardin et place,Jardin
Verger,Jardin
Jardin,Jardin
Parc,Jardin
Treilles,Jardin
Lac,Lac
Marais soit pâturage,Marais
Marais pâturage,Marais
Marais et pâturage,Marais
Marais,Marais
Rippes et broussailles,Passage étroit
Rippes,Passage étroit
Rippes et pâturage,Passage étroit
Abime pâturage,Pâturage
Pâturage et Bois chênes,Pâturage
Pâturage et Bois blanc,Pâturage
Pâturage rocher broussailles,Pâturage
Pâturage pierreux et broussailles,Pâturage
Pâturage pierres,Pâturage
Pâturage innaccessible,Pâturage
Pâturage impraticable,Pâturage
Pâturage gravier,Pâturage
Pâturage et vernay,Pâturage
Pâturage et précipice,Pâturage
Pâturage et place,Pâturage
Pâturage Bois vernes,Pâturage
Pâturage arbres,Pâturage
Pâturage Bois chêne et broussailles,Pâturage
Pâturage Bois chênes,Pâturage
Pâturage et Bois de chênes,Pâturage
Pâturage Bois noirs et broussailles,Pâturage
Pâturage en glière,Pâturage
Pâturage en précipice,Pâturage
Pâturage et pré,Pâturage
Pâturage murger,Pâturage
Pâturage et verney,Pâturage
Pâturage roc et broussailles,Pâturage
Pâturage et ravines,Pâturage
Pâturage et Bois,Pâturage
Pâturage et gravier,Pâturage
Pâturage et Bois noir,Pâturage
Pâturages et broussailles,Pâturage
Pâturage et frênes,Pâturage
Pâturage et Bois verney,Pâturage
Pâturage rocher et broussailles,Pâturage
Pâturage soit pré,Pâturage
Pâturage et bruyère,Pâturage
Pâturage glières,Pâturage
Pâturage pierreux,Pâturage
Pâturage bruyères,Pâturage
Pâturage et murger,Pâturage
Pâturage et abime,Pâturage
Pâturage et sapins,Pâturage
Pâturage roc,Pâturage
Pâturage sur rocher,Pâturage
Pâturage et marais,Pâturage
Pâturage broussailles,Pâturage
Pâturage et arbres,Pâturage
Pâturage marais,Pâturage
Pâturage et pierres,Pâturage
Pâturage et glières,Pâturage
Pâturage et rocher,Pâturage
Pâturage et broussailles,Pâturage
Pâturage et roc,Pâturage
Pâturage sur roc,Pâturage
Pâturage,Pâturage
Pré soit teppes,Pré
Pré et verney,Pré
Pré glières et broussailles,Pré
Pré grange,Pré
Pré marais avec Bois blanc,Pré
Pré partie marais,Pré
Pré soit champ,Pré
Pré et teppes,Pré
Pré et place,Pré
Pré roc,Pré
Pré et Bois,Pré
Pré Bois verney et broussailles,Pré
Pré frênes et murger,Pré
Pré arbres et broussailles,Pré
Pré et abime,Pré
Pré et grenier,Pré
Pré et Bois frênes,Pré
Pré et roc,Pré
Pré et pierres,Pré
Pré et pâturage,Pré
Pré sur roc,Pré
pré broussailles,Pré
Pré et murger,Pré
Pré murger,Pré
Pré pâturage,Pré
Pré et glières,Pré
Pré et broussailles,Pré
Pré et rocher,Pré
Pré verger,Pré
Pré et arbres,Pré
Pré marais,Pré
Pré,Pré
Iles et gravier,Rivage
Ile pâturage,Rivage
Rivage,Rivage
Ile et gravier,Rivage
Iles pâturage et abime,Rivage
Ile,Rivage
Ravines et pâturage,Roc
Roc précipice,Roc
Roc pâturage et broussailles,Roc
Pierres et Bois noir,Roc
Pierres et murger,Roc
Roc et glières,Roc
Pierres et sapins,Roc
Roc broussailles et chênes,Roc
Roc et glacier,Roc
Ravines de pierres,Roc
Ravines et bruyère,Roc
Ruine de roc,Roc
Ravines et roc,Roc
Roc et broussailles avec pâturage,Roc
Roc Bois chênes broussailles,Roc
Roc Bois chênes et broussailles,Roc
Roc Bois noir,Roc
Roc Bois noir innaccessible,Roc
Roc et Bois frênes,Roc
Roc broussailles Bois blanc,Roc
Roc sapins,Roc
Ravines et arbres,Roc
Roc broussailles et sapins,Roc
Ruppes pâturage,Roc
Ruppes et pâturage,Roc
Creux et ravines,Roc
Ruppes et marais,Roc
Glières Bois,Roc
Glières Bois chênes et broussailles,Roc
Glières Bois noir et broussailles,Roc
Ruppes et broussailles,Roc
Glières broussailles sapins et pâturage,Roc
Ruppes et arbres,Roc
Précipices,Roc
Rocher pâturage,Roc
Glières soit broussailles,Roc
Murger et frênes,Roc
Rocher et ravines,Roc
Rocher et glières,Roc
Gravier pâturage,Roc
Rocher et glacier,Roc
Murger broussailles et Bois blanc,Roc
Rocher et Bois noir,Roc
Murger et Bois,Roc
Rocher broussailles,Roc
Roc et frênes,Roc
Roc et pré,Roc
Rocher et Bois chêne,Roc
Roc et bruyères,Roc
Pierres pâturage,Roc
Roc et arbres,Roc
Gravier et pâturage,Roc
Pierres et broussailles,Roc
Roc et petites broussailles,Roc
Pierres et pâturage,Roc
Murget et broussailles,Roc
Murger et Bois blanc,Roc
Roche et broussailles,Roc
Ravines et broussailles,Roc
Roc et Bois noir,Roc
Glières soit pâturage,Roc
Précipices en broussailles innaccessibles,Roc
Rocher et broussailles,Roc
Murger et pâturage,Roc
Murger et arbres,Roc
Murger et broussailles,Roc
Roc et chênes,Roc
Rocher et pâturage,Roc
Roc et Bois chênes,Roc
Glières broussailles,Roc
Roc et sapins,Roc
Roc pâturage,Roc
Abime,Roc
Glières et pâturage,Roc
Ruppes,Roc
Roc broussailles,Roc
Roche,Roc
Roc et pâturage,Roc
Glières et broussailles,Roc
Pierres,Roc
Rocher,Roc
Gravier,Roc
Ravines,Roc
Roc et broussailles,Roc
Glières,Roc
Murger,Roc
Roc,Roc
